"product_sku","product_name","required","dropdown","option","price","per_club"
"M CRAFT X S3 PUT","Mizuno M.Craft X S3 Putter","false","Grips","Lamkin Deep Etched Gray Cord","0","false"
"M CRAFT X S3 PUT","Mizuno M.Craft X S3 Putter","false","Grips","Lamkin M.Craft X Sink Fit","0","false"
"M CRAFT X S3 PUT","Mizuno M.Craft X S3 Putter","false","Grips","Lamkin OMOI Sink Fit","0","false"
"M CRAFT X S3 PUT","Mizuno M.Craft X S3 Putter","false","Grips","SuperStroke Pistol GT 1.0","29.99","false"
"M CRAFT X S3 PUT","Mizuno M.Craft X S3 Putter","false","Grips","SuperStroke PT 1.0","29.99","false"
"M CRAFT X S3 PUT","Mizuno M.Craft X S3 Putter","false","Grips","SuperStroke Tour 1.0 17""","39.99","false"
"M CRAFT X S3 PUT","Mizuno M.Craft X S3 Putter","false","Grips","SuperStroke Tour 3.0 17""","39.99","false"
"M CRAFT X S3 PUT","Mizuno M.Craft X S3 Putter","false","Grips","SuperStroke Zenergy Flatso 1.0","29.99","false"
"M CRAFT X S3 PUT","Mizuno M.Craft X S3 Putter","false","Grips","SuperStroke Zenergy Flatso 2.0","29.99","false"
"M CRAFT X S3 PUT","Mizuno M.Craft X S3 Putter","false","Grips","SuperStroke Zenergy Tour 1.0","29.99","false"
"M CRAFT X S3 PUT","Mizuno M.Craft X S3 Putter","false","Grips","SuperStroke Zenergy Tour 2.0","29.99","false"
"M CRAFT X S3 PUT","Mizuno M.Craft X S3 Putter","false","Grips","SuperStroke Zenergy Tour 3.0","29.99","false"
"M CRAFT X S3 PUT","Mizuno M.Craft X S3 Putter","false","Lie Angle Adjustment","Standard","0","false"
"M CRAFT X S3 PUT","Mizuno M.Craft X S3 Putter","false","Lie Angle Adjustment","1° Flat","0","false"
"M CRAFT X S3 PUT","Mizuno M.Craft X S3 Putter","false","Lie Angle Adjustment","1° Upright","0","false"
"M CRAFT X S3 PUT","Mizuno M.Craft X S3 Putter","false","Lie Angle Adjustment","2° Flat","0","false"
"M CRAFT X S3 PUT","Mizuno M.Craft X S3 Putter","false","Lie Angle Adjustment","2° Upright","0","false"
"M CRAFT X S3 PUT","Mizuno M.Craft X S3 Putter","false","Loft Adjustment","Standard","0","false"
"M CRAFT X S3 PUT","Mizuno M.Craft X S3 Putter","false","Loft Adjustment","1° Strong","0","false"
"M CRAFT X S3 PUT","Mizuno M.Craft X S3 Putter","false","Loft Adjustment","1° Weak","0","false"
"M CRAFT X S3 PUT","Mizuno M.Craft X S3 Putter","false","Loft Adjustment","2° Strong","0","false"
"M CRAFT X S3 PUT","Mizuno M.Craft X S3 Putter","false","Loft Adjustment","2° Weak","0","false"
"EXOTICS MILLED WGS","Tour Edge Exotics Milled Wedge","false","Length","Standard","0","false"
"EXOTICS MILLED WGS","Tour Edge Exotics Milled Wedge","false","Length","- 1.00""","0","false"
"EXOTICS MILLED WGS","Tour Edge Exotics Milled Wedge","false","Length","- 1.25""","0","false"
"EXOTICS MILLED WGS","Tour Edge Exotics Milled Wedge","false","Length","- 1.50""","0","false"
"EXOTICS MILLED WGS","Tour Edge Exotics Milled Wedge","false","Length","- 1.75""","0","false"
"EXOTICS MILLED WGS","Tour Edge Exotics Milled Wedge","false","Length","- .25""","0","false"
"EXOTICS MILLED WGS","Tour Edge Exotics Milled Wedge","false","Length","- 2.00""","0","false"
"EXOTICS MILLED WGS","Tour Edge Exotics Milled Wedge","false","Length","- .50""","0","false"
"EXOTICS MILLED WGS","Tour Edge Exotics Milled Wedge","false","Length","- .75""","0","false"
"EXOTICS MILLED WGS","Tour Edge Exotics Milled Wedge","false","Length","+ 1.00""","0","false"
"EXOTICS MILLED WGS","Tour Edge Exotics Milled Wedge","false","Length","+ 1.25""","0","false"
"EXOTICS MILLED WGS","Tour Edge Exotics Milled Wedge","false","Length","+ 1.50""","0","false"
"EXOTICS MILLED WGS","Tour Edge Exotics Milled Wedge","false","Length","+ 1.75""","0","false"
"EXOTICS MILLED WGS","Tour Edge Exotics Milled Wedge","false","Length","+ .25""","0","false"
"EXOTICS MILLED WGS","Tour Edge Exotics Milled Wedge","false","Length","+ 2.00""","0","false"
"EXOTICS MILLED WGS","Tour Edge Exotics Milled Wedge","false","Length","+ .50""","0","false"
"EXOTICS MILLED WGS","Tour Edge Exotics Milled Wedge","false","Length","+ .75""","0","false"
"EXOTICS MILLED WGS","Tour Edge Exotics Milled Wedge","false","Grips","Golf Pride Tour Velvet 360°","0","false"
"EXOTICS MILLED WGS","Tour Edge Exotics Milled Wedge","false","Grips","Golf Pride Tour Velvet 360° Midsize","0","false"
"EXOTICS MILLED WGS","Tour Edge Exotics Milled Wedge","false","Grips","Golf Pride CPX Gray Midsize","12","false"
"EXOTICS MILLED WGS","Tour Edge Exotics Milled Wedge","false","Grips","Golf Pride CPX Gray Standard","12","false"
"EXOTICS MILLED WGS","Tour Edge Exotics Milled Wedge","false","Grips","Golf Pride CP2 Pro Undersize","12","false"
"EXOTICS MILLED WGS","Tour Edge Exotics Milled Wedge","false","Grips","Golf Pride CP2 Pro Midsize","12","false"
"EXOTICS MILLED WGS","Tour Edge Exotics Milled Wedge","false","Grips","Golf Pride CP2 Pro Oversize","12","false"
"EXOTICS MILLED WGS","Tour Edge Exotics Milled Wedge","false","Grips","Golf Pride CP2 Pro Standard","12","false"
"EXOTICS MILLED WGS","Tour Edge Exotics Milled Wedge","false","Grips","Golf Pride CPX Gray Jumbo","13","false"
"EXOTICS MILLED WGS","Tour Edge Exotics Milled Wedge","false","Grips","Golf Pride CPX Gray Undersize","12","false"
"EXOTICS MILLED WGS","Tour Edge Exotics Milled Wedge","false","Grips","Golf Pride CP2 Wrap Midsize","12","false"
"EXOTICS MILLED WGS","Tour Edge Exotics Milled Wedge","false","Grips","Golf Pride CP2 Wrap Oversize","12","false"
"EXOTICS MILLED WGS","Tour Edge Exotics Milled Wedge","false","Grips","Golf Pride CP2 Wrap Standard","12","false"
"EXOTICS MILLED WGS","Tour Edge Exotics Milled Wedge","false","Grips","Golf Pride CP2 Wrap Undersize","12","false"
"EXOTICS MILLED WGS","Tour Edge Exotics Milled Wedge","false","Grips","Golf Pride MCC Align Midsize","16","false"
"EXOTICS MILLED WGS","Tour Edge Exotics Milled Wedge","false","Grips","Golf Pride MCC Align Standard","15","false"
"EXOTICS MILLED WGS","Tour Edge Exotics Milled Wedge","false","Grips","Golf Pride MCC Black/Black Standard","14","false"
"EXOTICS MILLED WGS","Tour Edge Exotics Milled Wedge","false","Grips","Golf Pride MCC Blue Midsize","15","false"
"EXOTICS MILLED WGS","Tour Edge Exotics Milled Wedge","false","Grips","Golf Pride MCC Black Midsize","15","false"
"EXOTICS MILLED WGS","Tour Edge Exotics Milled Wedge","false","Grips","Golf Pride MCC Blue Standard","14","false"
"EXOTICS MILLED WGS","Tour Edge Exotics Milled Wedge","false","Grips","Golf Pride MCC Plus 4 Green","14","false"
"EXOTICS MILLED WGS","Tour Edge Exotics Milled Wedge","false","Grips","Golf Pride MCC Plus 4 Gray Undersize","14","false"
"EXOTICS MILLED WGS","Tour Edge Exotics Milled Wedge","false","Grips","Golf Pride MCC Plus 4 Orange","14","false"
"EXOTICS MILLED WGS","Tour Edge Exotics Milled Wedge","false","Grips","Golf Pride MCC Plus 4 Align Midsize","16","false"
"EXOTICS MILLED WGS","Tour Edge Exotics Milled Wedge","false","Grips","Golf Pride MCC Plus 4 Align Standard","15","false"
"EXOTICS MILLED WGS","Tour Edge Exotics Milled Wedge","false","Grips","Golf Pride MCC Plus 4 Blue","14","false"
"EXOTICS MILLED WGS","Tour Edge Exotics Milled Wedge","false","Grips","Golf Pride MCC Plus 4 Blue Midsize","15","false"
"EXOTICS MILLED WGS","Tour Edge Exotics Milled Wedge","false","Grips","Golf Pride MCC Plus 4 Gray","14","false"
"EXOTICS MILLED WGS","Tour Edge Exotics Milled Wedge","false","Grips","Golf Pride MCC Plus 4 Gray Jumbo","15","false"
"EXOTICS MILLED WGS","Tour Edge Exotics Milled Wedge","false","Grips","Golf Pride MCC Plus 4 Gray Midsize","15","false"
"EXOTICS MILLED WGS","Tour Edge Exotics Milled Wedge","false","Grips","Golf Pride MCC Plus 4 Red","14","false"
"EXOTICS MILLED WGS","Tour Edge Exotics Milled Wedge","false","Grips","Golf Pride MCC Red Midsize","15","false"
"EXOTICS MILLED WGS","Tour Edge Exotics Milled Wedge","false","Grips","Golf Pride MCC Red Standard","14","false"
"EXOTICS MILLED WGS","Tour Edge Exotics Milled Wedge","false","Grips","Golf Pride MCC White Standard","14","false"
"EXOTICS MILLED WGS","Tour Edge Exotics Milled Wedge","false","Grips","Golf Pride Tour Velvet 360° White","7","false"
"EXOTICS MILLED WGS","Tour Edge Exotics Milled Wedge","false","Grips","Golf Pride Tour Velvet 360° White Midsize","7","false"
"EXOTICS MILLED WGS","Tour Edge Exotics Milled Wedge","false","Grips","Golf Pride Tour Velvet Align Midsize","13","false"
"EXOTICS MILLED WGS","Tour Edge Exotics Milled Wedge","false","Grips","Golf Pride Tour Velvet Align Standard","12","false"
"EXOTICS MILLED WGS","Tour Edge Exotics Milled Wedge","false","Grips","Golf Pride Tour Velvet Full Cord Standard","14","false"
"EXOTICS MILLED WGS","Tour Edge Exotics Milled Wedge","false","Grips","Golf Pride Tour Velvet Midsize","8","false"
"EXOTICS MILLED WGS","Tour Edge Exotics Milled Wedge","false","Grips","Golf Pride Tour Velvet Oversize","9","false"
"EXOTICS MILLED WGS","Tour Edge Exotics Milled Wedge","false","Grips","Golf Pride Tour Velvet Plus 4 Midsize","9","false"
"EXOTICS MILLED WGS","Tour Edge Exotics Milled Wedge","false","Grips","Golf Pride Tour Velvet Plus4 Standard","9","false"
"EXOTICS MILLED WGS","Tour Edge Exotics Milled Wedge","false","Grips","Golf Pride Tour Velvet Ribbed Standard","7","false"
"EXOTICS MILLED WGS","Tour Edge Exotics Milled Wedge","false","Grips","Golf Pride Tour Velvet Round Standard","7","false"
"EXOTICS MILLED WGS","Tour Edge Exotics Milled Wedge","false","Grips","Golf Pride Tour Velvet Super Tack Midsize","10","false"
"EXOTICS MILLED WGS","Tour Edge Exotics Milled Wedge","false","Grips","Golf Pride Tour Velvet Super Tack Standard","9","false"
"EXOTICS MILLED WGS","Tour Edge Exotics Milled Wedge","false","Grips","Golf Pride Tour Wrap 2G Blue Standard","9","false"
"EXOTICS MILLED WGS","Tour Edge Exotics Milled Wedge","false","Grips","Golf Pride Tour Wrap 2G Red Standard","9","false"
"EXOTICS MILLED WGS","Tour Edge Exotics Milled Wedge","false","Grips","Golf Pride Tour Wrap Black Midsize","9","false"
"EXOTICS MILLED WGS","Tour Edge Exotics Milled Wedge","false","Grips","Golf Pride Tour Wrap Black Oversize","10","false"
"EXOTICS MILLED WGS","Tour Edge Exotics Milled Wedge","false","Grips","Golf Pride Tour Wrap Black Standard","9","false"
"EXOTICS MILLED WGS","Tour Edge Exotics Milled Wedge","false","Grips","Golf Pride Tour Wrap Black Undersize","9","false"
"EXOTICS MILLED WGS","Tour Edge Exotics Milled Wedge","false","Grips","Golf Pride Tour Wrap Microsuede Midsize","9","false"
"EXOTICS MILLED WGS","Tour Edge Exotics Milled Wedge","false","Grips","Golf Pride Tour Wrap Microsuede Oversize","10","false"
"EXOTICS MILLED WGS","Tour Edge Exotics Milled Wedge","false","Grips","Golf Pride Tour Wrap Microsuede Standard","9","false"
"EXOTICS MILLED WGS","Tour Edge Exotics Milled Wedge","false","Grips","Golf Pride Tour Wrap Microsuede Undersized","9","false"
"EXOTICS MILLED WGS","Tour Edge Exotics Milled Wedge","false","Grips","Golf Pride Tour Wrap White Midsize","9","false"
"EXOTICS MILLED WGS","Tour Edge Exotics Milled Wedge","false","Grips","Golf Pride Tour Wrap White Standard","9","false"
"EXOTICS MILLED WGS","Tour Edge Exotics Milled Wedge","false","Grips","Golf Pride Z-Grip Black/White Standard","14","false"
"EXOTICS MILLED WGS","Tour Edge Exotics Milled Wedge","false","Grips","Golf Pride Z-Cord Align Mid","16","false"
"EXOTICS MILLED WGS","Tour Edge Exotics Milled Wedge","false","Grips","Golf Pride Z-Cord Align Std","15","false"
"EXOTICS MILLED WGS","Tour Edge Exotics Milled Wedge","false","Grips","Super Stroke Cross Comfort Black/Grey Midsize","7","false"
"EXOTICS MILLED WGS","Tour Edge Exotics Milled Wedge","false","Grips","Super Stroke Cross Comfort Black/Grey Oversize","8","false"
"EXOTICS MILLED WGS","Tour Edge Exotics Milled Wedge","false","Grips","Super Stroke Cross Comfort Black/Grey Standard","7","false"
"EXOTICS MILLED WGS","Tour Edge Exotics Milled Wedge","false","Grips","Super Stroke Cross Comfort Black/Grey Undersize","7","false"
"EXOTICS MILLED WGS","Tour Edge Exotics Milled Wedge","false","Grips","SuperStroke Traxion Tour White/Red/Grey 48G","8","false"
"EXOTICS MILLED WGS","Tour Edge Exotics Milled Wedge","false","Grips","SuperStroke Traxion Tour White/Red/Grey Midsize 49G","9","false"
"EXOTICS MILLED WGS","Tour Edge Exotics Milled Wedge","false","Grips","Winn Dri-Tac Grey Midsize","11","false"
"EXOTICS MILLED WGS","Tour Edge Exotics Milled Wedge","false","Grips","Winn Dri-Tac Grey Oversize","12","false"
"EXOTICS MILLED WGS","Tour Edge Exotics Milled Wedge","false","Grips","Winn Dri-Tac Grey Standard","10","false"
"EXOTICS MILLED WGS","Tour Edge Exotics Milled Wedge","false","Grips","Winn Dri-Tac Lite Midsize","10","false"
"EXOTICS MILLED WGS","Tour Edge Exotics Milled Wedge","false","Grips","Winn Dri-Tac Lite Oversize","11","false"
"EXOTICS MILLED WGS","Tour Edge Exotics Milled Wedge","false","Grips","Winn Dri-Tac Lite Standard","9","false"
"EXOTICS MILLED WGS","Tour Edge Exotics Milled Wedge","false","Grips","Winn Dri-Tac Wrap Copper Midsize","8","false"
"EXOTICS MILLED WGS","Tour Edge Exotics Milled Wedge","false","Grips","Winn Dri-Tac Wrap Copper Oversize","10","false"
"EXOTICS MILLED WGS","Tour Edge Exotics Milled Wedge","false","Grips","Winn Excel Wrap Midsize","8","false"
"EXOTICS MILLED WGS","Tour Edge Exotics Milled Wedge","false","Grips","Winn Excel Wrap Oversize","9","false"
"EXOTICS MILLED WGS","Tour Edge Exotics Milled Wedge","false","Grips","Winn Excel Wrap Standard","7","false"
"EXOTICS MILLED WGS","Tour Edge Exotics Milled Wedge","false","Grips","Winn Excel Wrap Undersize","7","false"
"EXOTICS MILLED WGS","Tour Edge Exotics Milled Wedge","false","InstallGrips/GripSize","Standard (1 Wrap)","0","false"
"EXOTICS MILLED WGS","Tour Edge Exotics Milled Wedge","false","InstallGrips/GripSize","Do Not Install Grips - Include In Box","0","false"
"EXOTICS MILLED WGS","Tour Edge Exotics Milled Wedge","false","InstallGrips/GripSize","+ 1 Wrap","0","false"
"EXOTICS MILLED WGS","Tour Edge Exotics Milled Wedge","false","InstallGrips/GripSize","+ 2 Wraps","0","false"
"EXOTICS MILLED WGS","Tour Edge Exotics Milled Wedge","false","InstallGrips/GripSize","+ 2 Wraps Bottom Hand: +1 Wrap Top Hand","0","false"
"EXOTICS MILLED WGS","Tour Edge Exotics Milled Wedge","false","InstallGrips/GripSize","+ 3 Wraps","0","false"
"EXOTICS MILLED WGS","Tour Edge Exotics Milled Wedge","false","InstallGrips/GripSize","+ 3 Wraps Bottom Hand: +2 Wraps Top Hand","0","false"
"EXOTICS MILLED WGS","Tour Edge Exotics Milled Wedge","false","InstallGrips/GripSize","+ 4 Wraps","0","false"
"EXOTICS MILLED WGS","Tour Edge Exotics Milled Wedge","false","Lie Angle","Standard","0","false"
"EXOTICS MILLED WGS","Tour Edge Exotics Milled Wedge","false","Lie Angle","1.0° Flat","0","false"
"EXOTICS MILLED WGS","Tour Edge Exotics Milled Wedge","false","Lie Angle","1.0° Upright","0","false"
"EXOTICS MILLED WGS","Tour Edge Exotics Milled Wedge","false","Lie Angle","2.0° Flat","0","false"
"EXOTICS MILLED WGS","Tour Edge Exotics Milled Wedge","false","Lie Angle","2.0° Upright","0","false"
"EXOTICS MILLED WGS","Tour Edge Exotics Milled Wedge","false","Lie Angle","3.0° Flat","0","false"
"EXOTICS MILLED WGS","Tour Edge Exotics Milled Wedge","false","Lie Angle","3.0° Upright","0","false"
"EXOTICS MILLED WGS","Tour Edge Exotics Milled Wedge","false","Loft Adjustment","Standard","0","false"
"EXOTICS MILLED WGS","Tour Edge Exotics Milled Wedge","false","Loft Adjustment","1° Strong","0","false"
"EXOTICS MILLED WGS","Tour Edge Exotics Milled Wedge","false","Loft Adjustment","1° Weak","0","false"
"EXOTICS MILLED WGS","Tour Edge Exotics Milled Wedge","false","Loft Adjustment","2° Strong","0","false"
"EXOTICS MILLED WGS","Tour Edge Exotics Milled Wedge","false","Loft Adjustment","2° Weak","0","false"
"PRO S4 STS","Mizuno Pro S-4 Iron Set","false","Length","Standard","0","true"
"PRO S4 STS","Mizuno Pro S-4 Iron Set","false","Length","- 1.00""","0","true"
"PRO S4 STS","Mizuno Pro S-4 Iron Set","false","Length","- 1.25""","0","true"
"PRO S4 STS","Mizuno Pro S-4 Iron Set","false","Length","- 1.50""","0","true"
"PRO S4 STS","Mizuno Pro S-4 Iron Set","false","Length","- .25""","0","true"
"PRO S4 STS","Mizuno Pro S-4 Iron Set","false","Length","- .50""","0","true"
"PRO S4 STS","Mizuno Pro S-4 Iron Set","false","Length","- .75""","0","true"
"PRO S4 STS","Mizuno Pro S-4 Iron Set","false","Length","+ 1.00""","0","true"
"PRO S4 STS","Mizuno Pro S-4 Iron Set","false","Length","+ 1.25""","0","true"
"PRO S4 STS","Mizuno Pro S-4 Iron Set","false","Length","+ 1.50""","0","true"
"PRO S4 STS","Mizuno Pro S-4 Iron Set","false","Length","+ 1.75""","0","true"
"PRO S4 STS","Mizuno Pro S-4 Iron Set","false","Length","+ .25""","0","true"
"PRO S4 STS","Mizuno Pro S-4 Iron Set","false","Length","+ 2.00""","0","true"
"PRO S4 STS","Mizuno Pro S-4 Iron Set","false","Length","+ .50""","0","true"
"PRO S4 STS","Mizuno Pro S-4 Iron Set","false","Length","+ .75""","0","true"
"PRO S4 STS","Mizuno Pro S-4 Iron Set","false","Ferrule","Black Standard","0","true"
"PRO S4 STS","Mizuno Pro S-4 Iron Set","false","Ferrule","ICON (Black/Blue/White)","2.5","true"
"PRO S4 STS","Mizuno Pro S-4 Iron Set","false","Grips","Golf Pride MCC Plus 4 Blue Standard","0","true"
"PRO S4 STS","Mizuno Pro S-4 Iron Set","false","Grips","Golf Pride CP2 Pro Midsize","0","true"
"PRO S4 STS","Mizuno Pro S-4 Iron Set","false","Grips","Golf Pride CP2 Pro Standard","0","true"
"PRO S4 STS","Mizuno Pro S-4 Iron Set","false","Grips","Golf Pride CP2 Wrap Jumbo","0","true"
"PRO S4 STS","Mizuno Pro S-4 Iron Set","false","Grips","Golf Pride CP2 Wrap Midsize","0","true"
"PRO S4 STS","Mizuno Pro S-4 Iron Set","false","Grips","Golf Pride CP2 Wrap Standard","0","true"
"PRO S4 STS","Mizuno Pro S-4 Iron Set","false","Grips","Golf Pride CP2 Wrap Undersize","0","true"
"PRO S4 STS","Mizuno Pro S-4 Iron Set","false","Grips","Golf Pride MCC Align Black/White Standard","0","true"
"PRO S4 STS","Mizuno Pro S-4 Iron Set","false","Grips","Golf Pride MCC Blue/White Standard","0","true"
"PRO S4 STS","Mizuno Pro S-4 Iron Set","false","Grips","Golf Pride MCC Plus 4 Black/Gray Standard","0","true"
"PRO S4 STS","Mizuno Pro S-4 Iron Set","false","Grips","Golf Pride MCC Plus 4 Gray Standard","0","true"
"PRO S4 STS","Mizuno Pro S-4 Iron Set","false","Grips","Golf Pride MCC Teams Blue Standard","0","true"
"PRO S4 STS","Mizuno Pro S-4 Iron Set","false","Grips","Golf Pride MCC Teams Black Standard","0","true"
"PRO S4 STS","Mizuno Pro S-4 Iron Set","false","Grips","Golf Pride MCC Plus 4 Blue/White Midsize","0","true"
"PRO S4 STS","Mizuno Pro S-4 Iron Set","false","Grips","Golf Pride Mizuno M-31 360 Standard","0","true"
"PRO S4 STS","Mizuno Pro S-4 Iron Set","false","Grips","Golf Pride Mizuno M-31 Standard","0","true"
"PRO S4 STS","Mizuno Pro S-4 Iron Set","false","Grips","Golf Pride MCC Plus 4 Align Standard","0","true"
"PRO S4 STS","Mizuno Pro S-4 Iron Set","false","Grips","Golf Pride MCC Teams Blue Standard","0","true"
"PRO S4 STS","Mizuno Pro S-4 Iron Set","false","Grips","Golf Pride MCC Teams Black Standard","0","true"
"PRO S4 STS","Mizuno Pro S-4 Iron Set","false","Grips","Golf Pride Tour Velvet 360 Cord Gray Standard","0","true"
"PRO S4 STS","Mizuno Pro S-4 Iron Set","false","Grips","Golf Pride Tour Velvet 360 Standard","0","true"
"PRO S4 STS","Mizuno Pro S-4 Iron Set","false","Grips","Golf Pride Tour Velvet Align Standard","0","true"
"PRO S4 STS","Mizuno Pro S-4 Iron Set","false","Grips","Golf Pride Tour Velvet Cord Black Standard","0","true"
"PRO S4 STS","Mizuno Pro S-4 Iron Set","false","Grips","Golf Pride Tour Velvet Jumbo","0","true"
"PRO S4 STS","Mizuno Pro S-4 Iron Set","false","Grips","Golf Pride Tour Velvet Midsize","0","true"
"PRO S4 STS","Mizuno Pro S-4 Iron Set","false","Grips","Golf Pride Tour Velvet Plus 4 Midsize","0","true"
"PRO S4 STS","Mizuno Pro S-4 Iron Set","false","Grips","Golf Pride Tour Velvet Plus 4 Standard","0","true"
"PRO S4 STS","Mizuno Pro S-4 Iron Set","false","Grips","Golf Pride Tour Velvet Standard","0","true"
"PRO S4 STS","Mizuno Pro S-4 Iron Set","false","Grips","Golf Pride Tour Wrap 2G Black Midsize","0","true"
"PRO S4 STS","Mizuno Pro S-4 Iron Set","false","Grips","Golf Pride Tour Wrap 2G Black Standard","0","true"
"PRO S4 STS","Mizuno Pro S-4 Iron Set","false","Grips","Golf Pride Tour Wrap 2G Black Undersize","0","true"
"PRO S4 STS","Mizuno Pro S-4 Iron Set","false","Grips","Golf Pride Tour Wrap 2G White Standard","0","true"
"PRO S4 STS","Mizuno Pro S-4 Iron Set","false","Grips","Golf Pride Z-Grip Align Standard","0","true"
"PRO S4 STS","Mizuno Pro S-4 Iron Set","false","Grips","Golf Pride Z-Grip Cord Midsize","0","true"
"PRO S4 STS","Mizuno Pro S-4 Iron Set","false","Grips","Golf Pride Z-Grip Cord Standard","0","true"
"PRO S4 STS","Mizuno Pro S-4 Iron Set","false","Grips","Mizuno M-31 360 Scuba Blue Undersize","0","true"
"PRO S4 STS","Mizuno Pro S-4 Iron Set","false","Grips","SuperStroke Crossline 2.0 Jumbo","0","true"
"PRO S4 STS","Mizuno Pro S-4 Iron Set","false","Grips","SuperStroke Crossline 2.0 Midsize","0","true"
"PRO S4 STS","Mizuno Pro S-4 Iron Set","false","Grips","SuperStroke Crossline 2.0 Standard","0","true"
"PRO S4 STS","Mizuno Pro S-4 Iron Set","false","Grips","SuperStroke REVL Black Midsize","0","true"
"PRO S4 STS","Mizuno Pro S-4 Iron Set","false","Grips","SuperStroke REVL Black Standard","0","true"
"PRO S4 STS","Mizuno Pro S-4 Iron Set","false","Grips","SuperStroke REVL Element Blue Midsize","0","true"
"PRO S4 STS","Mizuno Pro S-4 Iron Set","false","Grips","SuperStroke REVL Element Blue Standard","0","true"
"PRO S4 STS","Mizuno Pro S-4 Iron Set","false","Grips","SuperStroke REVL Element Black Midsize","0","true"
"PRO S4 STS","Mizuno Pro S-4 Iron Set","false","Grips","SuperStroke REVL Element Black Standard","0","true"
"PRO S4 STS","Mizuno Pro S-4 Iron Set","false","Grips","SuperStroke REVL Player Black Midsize","0","true"
"PRO S4 STS","Mizuno Pro S-4 Iron Set","false","Grips","SuperStroke REVL Player Black Standard","0","true"
"PRO S4 STS","Mizuno Pro S-4 Iron Set","false","Grips","SuperStroke REVL Player White Standard","0","true"
"PRO S4 STS","Mizuno Pro S-4 Iron Set","false","Grips","WINN DRI-TAC Wrap Midsize","0","true"
"PRO S4 STS","Mizuno Pro S-4 Iron Set","false","Grips","WINN DRI-TAC Wrap Oversize","0","true"
"PRO S4 STS","Mizuno Pro S-4 Iron Set","false","Grips","WINN DRI-TAC Wrap Standard","0","true"
"PRO S4 STS","Mizuno Pro S-4 Iron Set","false","Grips","WINN DRI-TAC Wrap Ladies","0","true"
"PRO S4 STS","Mizuno Pro S-4 Iron Set","false","Install Grips / Grip Size","Standard (1 Wrap)","0","true"
"PRO S4 STS","Mizuno Pro S-4 Iron Set","false","Install Grips / Grip Size","Do Not Install Grips - Include In Box","0","true"
"PRO S4 STS","Mizuno Pro S-4 Iron Set","false","Install Grips / Grip Size","+ 1 Wrap","0","true"
"PRO S4 STS","Mizuno Pro S-4 Iron Set","false","Install Grips / Grip Size","+ 2 Wraps","0","true"
"PRO S4 STS","Mizuno Pro S-4 Iron Set","false","Install Grips / Grip Size","+2 Wraps Bottom Hand: 1 Wrap Top Hand","0","true"
"PRO S4 STS","Mizuno Pro S-4 Iron Set","false","Install Grips / Grip Size","+ 3 Wraps","0","true"
"PRO S4 STS","Mizuno Pro S-4 Iron Set","false","Install Grips / Grip Size","+ 3 Wraps Bottom Hand: + 2 Wraps Top Hand","0","true"
"PRO S4 STS","Mizuno Pro S-4 Iron Set","false","Install Grips / Grip Size","+ 4 Wraps","0","true"
"PRO S4 STS","Mizuno Pro S-4 Iron Set","false","Lie Angle Adjustment","Standard","0","true"
"PRO S4 STS","Mizuno Pro S-4 Iron Set","false","Lie Angle Adjustment","0.5° Flat","0","true"
"PRO S4 STS","Mizuno Pro S-4 Iron Set","false","Lie Angle Adjustment","0.5° Upright","0","true"
"PRO S4 STS","Mizuno Pro S-4 Iron Set","false","Lie Angle Adjustment","1.5° Flat","0","true"
"PRO S4 STS","Mizuno Pro S-4 Iron Set","false","Lie Angle Adjustment","1° Flat","0","true"
"PRO S4 STS","Mizuno Pro S-4 Iron Set","false","Lie Angle Adjustment","1.5° Upright","0","true"
"PRO S4 STS","Mizuno Pro S-4 Iron Set","false","Lie Angle Adjustment","1° Upright","0","true"
"PRO S4 STS","Mizuno Pro S-4 Iron Set","false","Lie Angle Adjustment","2° Flat","0","true"
"PRO S4 STS","Mizuno Pro S-4 Iron Set","false","Lie Angle Adjustment","2° Upright","0","true"
"PRO S4 STS","Mizuno Pro S-4 Iron Set","false","Loft Adjustment","Standard","0","true"
"PRO S4 STS","Mizuno Pro S-4 Iron Set","false","Loft Adjustment","1° Strong","0","true"
"PRO S4 STS","Mizuno Pro S-4 Iron Set","false","Loft Adjustment","1° Weak","0","true"
"PRO S4 STS","Mizuno Pro S-4 Iron Set","false","Loft Adjustment","2° Strong","0","true"
"PRO S4 STS","Mizuno Pro S-4 Iron Set","false","Loft Adjustment","2° Weak","0","true"
"ZXI RKT HYG","Srixon ZXi RKT Hybrid","false","Grips","Golf Pride MCC Blue Midsize","0","false"
"ZXI RKT HYG","Srixon ZXi RKT Hybrid","false","Grips","Golf Pride MCC Black Midsize","0","false"
"ZXI RKT HYG","Srixon ZXi RKT Hybrid","false","Grips","Golf Pride MCC Blue Standard","0","false"
"ZXI RKT HYG","Srixon ZXi RKT Hybrid","false","Grips","Golf Pride MCC Black Standard","0","false"
"ZXI RKT HYG","Srixon ZXi RKT Hybrid","false","Grips","Golf Pride MCC Green/Gold Standard","0","false"
"ZXI RKT HYG","Srixon ZXi RKT Hybrid","false","Grips","Golf Pride MCC Red Midsize","0","false"
"ZXI RKT HYG","Srixon ZXi RKT Hybrid","false","Grips","Golf Pride MCC Red Standard","0","false"
"ZXI RKT HYG","Srixon ZXi RKT Hybrid","false","Grips","Golf Pride MCC White Midsize","0","false"
"ZXI RKT HYG","Srixon ZXi RKT Hybrid","false","Grips","Golf Pride MCC White Standard","0","false"
"ZXI RKT HYG","Srixon ZXi RKT Hybrid","false","Grips","Golf Pride Tour Velvet 360","0","false"
"ZXI RKT HYG","Srixon ZXi RKT Hybrid","false","Grips","Golf Pride Tour Velvet 360 ZipCore Standard","0","false"
"ZXI RKT HYG","Srixon ZXi RKT Hybrid","false","Grips","Golf Pride Tour Velvet 360 Standard","0","false"
"ZXI RKT HYG","Srixon ZXi RKT Hybrid","false","Grips","Golf Pride Tour Velvet Jumbo","0","false"
"ZXI RKT HYG","Srixon ZXi RKT Hybrid","false","Grips","Golf Pride Tour Velvet Standard","0","false"
"ZXI RKT HYG","Srixon ZXi RKT Hybrid","false","Grips","Lamkin Crossline Midsize","0","false"
"ZXI RKT HYG","Srixon ZXi RKT Hybrid","false","Grips","Lamkin Crossline Standard","0","false"
"ZXI RKT HYG","Srixon ZXi RKT Hybrid","false","Grips","Lamkin Crossline 360 Genesis Standard","0","false"
"ZXI RKT HYG","Srixon ZXi RKT Hybrid","false","Grips","Lamkin Crossline 360 Genesis Midsize","0","false"
"ZXI RKT HYG","Srixon ZXi RKT Hybrid","false","Grips","Lamkin Crossline 360 Standard","0","false"
"ZXI RKT HYG","Srixon ZXi RKT Hybrid","false","Grips","Winn Dri-Tac Gray Ladies","0","false"
"ZXI RKT HYG","Srixon ZXi RKT Hybrid","false","Grips","Winn Dri-Tac Gray Midsize","0","false"
"ZXI RKT HYG","Srixon ZXi RKT Hybrid","false","Grips","Winn Dri-Tac Gray Standard","0","false"
"ZXI RKT HYG","Srixon ZXi RKT Hybrid","false","Grips","Winn Dri-Tac Lite Midsize","0","false"
"ZXI RKT HYG","Srixon ZXi RKT Hybrid","false","Grips","Winn Dri-Tac Lite Oversize","0","false"
"ZXI RKT HYG","Srixon ZXi RKT Hybrid","false","Grips","Winn Dri-Tac Lite Standard","0","false"
"ZXI RKT HYG","Srixon ZXi RKT Hybrid","false","Grips","Winn Excel Black Midsize","0","false"
"ZXI RKT HYG","Srixon ZXi RKT Hybrid","false","Grips","Winn Excel Black Oversize","0","false"
"ZXI RKT HYG","Srixon ZXi RKT Hybrid","false","Grips","Winn Excel Black Standard","0","false"
"ZXI RKT HYG","Srixon ZXi RKT Hybrid","false","Grips","Womens Lamkin ST Soft Undersize","0","false"
"ZXI RKT HYG","Srixon ZXi RKT Hybrid","false","Grips","Golf Pride MCC Plus 4 Blue Standard","11.99","false"
"ZXI RKT HYG","Srixon ZXi RKT Hybrid","false","Grips","Golf Pride CP2 Pro Jumbo","9.99","false"
"ZXI RKT HYG","Srixon ZXi RKT Hybrid","false","Grips","Golf Pride CP2 Pro Midsize","9.99","false"
"ZXI RKT HYG","Srixon ZXi RKT Hybrid","false","Grips","Golf Pride CP2 Pro Standard","9.99","false"
"ZXI RKT HYG","Srixon ZXi RKT Hybrid","false","Grips","Golf Pride CP2 Wrap Jumbo","9.99","false"
"ZXI RKT HYG","Srixon ZXi RKT Hybrid","false","Grips","Golf Pride CP2 Wrap Midsize","9.99","false"
"ZXI RKT HYG","Srixon ZXi RKT Hybrid","false","Grips","Golf Pride CP2 Wrap Standard","9.99","false"
"ZXI RKT HYG","Srixon ZXi RKT Hybrid","false","Grips","Golf Pride MCC Align Black/White Midsize","12.99","false"
"ZXI RKT HYG","Srixon ZXi RKT Hybrid","false","Grips","Golf Pride MCC Align Black/White Standard","12.99","false"
"ZXI RKT HYG","Srixon ZXi RKT Hybrid","false","Grips","Golf Pride MCC Plus 4 Gray Standard","11.99","false"
"ZXI RKT HYG","Srixon ZXi RKT Hybrid","false","Grips","Golf Pride MCC Plus 4 Orange Standard","11.99","false"
"ZXI RKT HYG","Srixon ZXi RKT Hybrid","false","Grips","Golf Pride MCC Plus 4 Red Standard","11.99","false"
"ZXI RKT HYG","Srixon ZXi RKT Hybrid","false","Grips","Golf Pride MCC Plus 4 Align Midsize","12.99","false"
"ZXI RKT HYG","Srixon ZXi RKT Hybrid","false","Grips","Golf Pride MCC Plus 4 Align Standard","12.99","false"
"ZXI RKT HYG","Srixon ZXi RKT Hybrid","false","Grips","Golf Pride MCC Plus 4 Blue Midsize","11.99","false"
"ZXI RKT HYG","Srixon ZXi RKT Hybrid","false","Grips","Golf Pride MCC Plus 4 Gray Jumbo","11.99","false"
"ZXI RKT HYG","Srixon ZXi RKT Hybrid","false","Grips","Golf Pride MCC Plus 4 Gray Midsize","11.99","false"
"ZXI RKT HYG","Srixon ZXi RKT Hybrid","false","Grips","Golf Pride Tour Velvet Align Midsize","12.99","false"
"ZXI RKT HYG","Srixon ZXi RKT Hybrid","false","Grips","Golf Pride Tour Velvet Align Standard","12.99","false"
"ZXI RKT HYG","Srixon ZXi RKT Hybrid","false","Grips","Golf Pride Tour Velvet Cord Standard","11.99","false"
"ZXI RKT HYG","Srixon ZXi RKT Hybrid","false","Grips","Golf Pride Tour Velvet Midsize","6.49","false"
"ZXI RKT HYG","Srixon ZXi RKT Hybrid","false","Grips","Golf Pride Tour Velvet Plus 4 Midsize","4","false"
"ZXI RKT HYG","Srixon ZXi RKT Hybrid","false","Grips","Golf Pride Tour Velvet Plus 4 Standard","6.49","false"
"ZXI RKT HYG","Srixon ZXi RKT Hybrid","false","Grips","Golf Pride Tour Wrap 2G Black Midsize","7.99","false"
"ZXI RKT HYG","Srixon ZXi RKT Hybrid","false","Grips","Golf Pride Tour Wrap 2G Black Standard","7.99","false"
"ZXI RKT HYG","Srixon ZXi RKT Hybrid","false","Grips","Golf Pride Tour Wrap 2G Red Standard","7.99","false"
"ZXI RKT HYG","Srixon ZXi RKT Hybrid","false","Grips","Golf Pride Tour Wrap 2G White Standard","7.99","false"
"ZXI RKT HYG","Srixon ZXi RKT Hybrid","false","Grips","Golf Pride Tour Wrap Microsuede Undersized","10","false"
"ZXI RKT HYG","Srixon ZXi RKT Hybrid","false","Grips","Golf Pride Z-Grip Cord Midsize","11.99","false"
"ZXI RKT HYG","Srixon ZXi RKT Hybrid","false","Grips","Golf Pride Z-Grip Cord Standard","11.99","false"
"ZXI RKT HYG","Srixon ZXi RKT Hybrid","false","Grips","Iomic Sticky MID","15.5","false"
"ZXI RKT HYG","Srixon ZXi RKT Hybrid","false","Grips","Iomic Sticky iXx 2.0 Red Standard","13.5","false"
"ZXI RKT HYG","Srixon ZXi RKT Hybrid","false","Grips","Iomic Sticky 2.3 Black Standard","12.95","false"
"ZXI RKT HYG","Srixon ZXi RKT Hybrid","false","Grips","Jumbo Max JMX Ultralite Black X-Large","15.99","false"
"ZXI RKT HYG","Srixon ZXi RKT Hybrid","false","Grips","Jumbo Max JMX Ultralite Black Medium","15.99","false"
"ZXI RKT HYG","Srixon ZXi RKT Hybrid","false","Grips","Lamkin Crossline Cord Standard","11","false"
"ZXI RKT HYG","Srixon ZXi RKT Hybrid","false","Grips","Lamkin UTX Blue Standard","10.5","false"
"ZXI RKT HYG","Srixon ZXi RKT Hybrid","false","Grips","Lamkin UTx Gray Standard","10.5","false"
"ZXI RKT HYG","Srixon ZXi RKT Hybrid","false","Grips","Lamkin St+2 Hybrid Midsize","11.5","false"
"ZXI RKT HYG","Srixon ZXi RKT Hybrid","false","Grips","Lamkin ST+2 Hybrid Standard","11.5","false"
"ZXI RKT HYG","Srixon ZXi RKT Hybrid","false","Grips","Lamkin UTx Gray Midsize","10.5","false"
"ZXI RKT HYG","Srixon ZXi RKT Hybrid","false","Grips","Lamkin UTX Green Standard","10.5","false"
"ZXI RKT HYG","Srixon ZXi RKT Hybrid","false","Install Grips / Grip Size","Standard (1 Wrap)","0","false"
"ZXI RKT HYG","Srixon ZXi RKT Hybrid","false","Install Grips / Grip Size","Do Not Install Grips - Include In Box","0","false"
"ZXI RKT HYG","Srixon ZXi RKT Hybrid","false","Install Grips / Grip Size","+1 Wrap","0","false"
"ZXI RKT HYG","Srixon ZXi RKT Hybrid","false","Install Grips / Grip Size","+2 Wraps","0","false"
"ZXI RKT HYG","Srixon ZXi RKT Hybrid","false","Install Grips / Grip Size","+2 Wraps Bottom Hand: +1 Wrap Top Hand","0","false"
"ZXI RKT HYG","Srixon ZXi RKT Hybrid","false","Install Grips / Grip Size","+3 Wraps","0","false"
"ZXI RKT HYG","Srixon ZXi RKT Hybrid","false","Install Grips / Grip Size","+3 Wraps Bottom Hand: +2 Wraps Top Hand","0","false"
"ZXI RKT HYG","Srixon ZXi RKT Hybrid","false","Install Grips / Grip Size","+4 Wraps","0","false"
"ZXI RKT HYG","Srixon ZXi RKT Hybrid","false","Install Grips / Grip Size","+4 Wraps Bottom Hand: +2 Wraps Top Hand","0","false"
"ZXI RKT HYG","Srixon ZXi RKT Hybrid","false","Install Grips / Grip Size","+5 Wraps","0","false"
"ZXI RKT HYG","Srixon ZXi RKT Hybrid","false","Install Grips / Grip Size","+6 Wraps","0","false"
"ZXI RKT HYG","Srixon ZXi RKT Hybrid","false","Length Adjustment","Standard","0","false"
"ZXI RKT HYG","Srixon ZXi RKT Hybrid","false","Length Adjustment","- 1.00""","0","false"
"ZXI RKT HYG","Srixon ZXi RKT Hybrid","false","Length Adjustment","- 1.25""","0","false"
"ZXI RKT HYG","Srixon ZXi RKT Hybrid","false","Length Adjustment","- 1.50""","0","false"
"ZXI RKT HYG","Srixon ZXi RKT Hybrid","false","Length Adjustment","- 1.75""","0","false"
"ZXI RKT HYG","Srixon ZXi RKT Hybrid","false","Length Adjustment","- .25""","0","false"
"ZXI RKT HYG","Srixon ZXi RKT Hybrid","false","Length Adjustment","- 2.00""","0","false"
"ZXI RKT HYG","Srixon ZXi RKT Hybrid","false","Length Adjustment","- .50""","0","false"
"ZXI RKT HYG","Srixon ZXi RKT Hybrid","false","Length Adjustment","- .75""","0","false"
"ZXI RKT HYG","Srixon ZXi RKT Hybrid","false","Length Adjustment","+ 1.00""","0","false"
"ZXI RKT HYG","Srixon ZXi RKT Hybrid","false","Length Adjustment","+ 1.25""","0","false"
"ZXI RKT HYG","Srixon ZXi RKT Hybrid","false","Length Adjustment","+ 1.50""","0","false"
"ZXI RKT HYG","Srixon ZXi RKT Hybrid","false","Length Adjustment","+ 1.75""","0","false"
"ZXI RKT HYG","Srixon ZXi RKT Hybrid","false","Length Adjustment","+ .25""","0","false"
"ZXI RKT HYG","Srixon ZXi RKT Hybrid","false","Length Adjustment","+ 2.00""","0","false"
"ZXI RKT HYG","Srixon ZXi RKT Hybrid","false","Length Adjustment","+ .50""","0","false"
"ZXI RKT HYG","Srixon ZXi RKT Hybrid","false","Length Adjustment","+ .75""","0","false"
"SHOGUN RED DST","Accra Shogun Red Driver Shaft","true","Length","Playing Length 43""","0","false"
"SHOGUN RED DST","Accra Shogun Red Driver Shaft","true","Length","Playing Length 43.25""","0","false"
"SHOGUN RED DST","Accra Shogun Red Driver Shaft","true","Length","Playing Length 43.5""","0","false"
"SHOGUN RED DST","Accra Shogun Red Driver Shaft","true","Length","Playing Length 43.75""","0","false"
"SHOGUN RED DST","Accra Shogun Red Driver Shaft","true","Length","Playing Length 44""","0","false"
"SHOGUN RED DST","Accra Shogun Red Driver Shaft","true","Length","Playing Length 44.25""","0","false"
"SHOGUN RED DST","Accra Shogun Red Driver Shaft","true","Length","Playing Length 44.5""","0","false"
"SHOGUN RED DST","Accra Shogun Red Driver Shaft","true","Length","Playing Length 44.75""","0","false"
"SHOGUN RED DST","Accra Shogun Red Driver Shaft","true","Length","Playing Length 45""","0","false"
"SHOGUN RED DST","Accra Shogun Red Driver Shaft","true","Length","Playing Length 45.25""","0","false"
"SHOGUN RED DST","Accra Shogun Red Driver Shaft","true","Length","Playing Length 45.5""","0","false"
"SHOGUN RED DST","Accra Shogun Red Driver Shaft","true","Length","Playing Length 45.75""","0","false"
"SHOGUN RED DST","Accra Shogun Red Driver Shaft","true","Length","Playing Length 46""","0","false"
"SHOGUN RED DST","Accra Shogun Red Driver Shaft","true","Length","Playing Length 46.25""","0","false"
"SHOGUN RED DST","Accra Shogun Red Driver Shaft","true","Length","Playing Length 46.5""","0","false"
"SHOGUN RED DST","Accra Shogun Red Driver Shaft","true","Length","Playing Length 46.75""","0","false"
"SHOGUN RED DST","Accra Shogun Red Driver Shaft","true","Length","Playing Length 47""","0","false"
"SHOGUN RED DST","Accra Shogun Red Driver Shaft","true","Grip Install","Standard (1 Wrap)","0","false"
"SHOGUN RED DST","Accra Shogun Red Driver Shaft","true","Grip Install","Do Not Install Grips - Include In Box","0","false"
"SHOGUN RED DST","Accra Shogun Red Driver Shaft","true","Grip Install","+ 1 Wrap","0","false"
"SHOGUN RED DST","Accra Shogun Red Driver Shaft","true","Grip Install","+ 2 Wraps","0","false"
"SHOGUN RED DST","Accra Shogun Red Driver Shaft","true","Grip Install","+ 2 Wraps Bottom Hand: +1 Wrap Top Hand","0","false"
"SHOGUN RED DST","Accra Shogun Red Driver Shaft","true","Grip Install","+ 3 Wraps","0","false"
"SHOGUN RED DST","Accra Shogun Red Driver Shaft","true","Grip Install","+3 Wraps Bottom Hand: +2 Wraps Top Hand","0","false"
"SHOGUN RED DST","Accra Shogun Red Driver Shaft","true","Grip Install","+ 4 Wraps","0","false"
"SHOGUN RED DST","Accra Shogun Red Driver Shaft","true","GripModel(InstallPriceIncluded)","Leave Ungripped","0","false"
"SHOGUN RED DST","Accra Shogun Red Driver Shaft","true","GripModel(InstallPriceIncluded)","Golf Pride Tour Velvet Standard (60 Round)","0","false"
"SHOGUN RED DST","Accra Shogun Red Driver Shaft","true","GripModel(InstallPriceIncluded)","Golf Pride Tour Velvet Midsize","0","false"
"SHOGUN RED DST","Accra Shogun Red Driver Shaft","true","GripModel(InstallPriceIncluded)","Golf Pride CP 2 Wrap Standard","12.99","false"
"SHOGUN RED DST","Accra Shogun Red Driver Shaft","true","GripModel(InstallPriceIncluded)","Golf Pride MCC Black/White Standard","14.99","false"
"SHOGUN RED DST","Accra Shogun Red Driver Shaft","true","GripModel(InstallPriceIncluded)","Golf Pride MCC Plus 4 Grey Standard","14.99","false"
"SHOGUN RED DST","Accra Shogun Red Driver Shaft","true","GripModel(InstallPriceIncluded)","Golf Pride Tour Wrap 2G Black Standard","10.49","false"
"SHOGUN RED DST","Accra Shogun Red Driver Shaft","true","GripModel(InstallPriceIncluded)","WINN Dri-Tac 2.0 Standard","11.99","false"
"SHOGUN RED DST","Accra Shogun Red Driver Shaft","true","GripModel(InstallPriceIncluded)","Golf Pride CP 2 Wrap Midsize","12.99","false"
"SHOGUN RED DST","Accra Shogun Red Driver Shaft","true","GripModel(InstallPriceIncluded)","Golf Pride CP 2 Wrap Oversize","12.99","false"
"SHOGUN RED DST","Accra Shogun Red Driver Shaft","true","GripModel(InstallPriceIncluded)","Golf Pride MCC Black/White Midsize","14.99","false"
"SHOGUN RED DST","Accra Shogun Red Driver Shaft","true","GripModel(InstallPriceIncluded)","Golf Pride MCC Plus 4 Grey Midsize","14.99","false"
"SHOGUN RED DST","Accra Shogun Red Driver Shaft","true","GripModel(InstallPriceIncluded)","Golf Pride Tour Velvet Oversize","9.49","false"
"SHOGUN RED DST","Accra Shogun Red Driver Shaft","true","GripModel(InstallPriceIncluded)","Golf Pride Tour Wrap 2G Black Midsize","10.49","false"
"SHOGUN RED DST","Accra Shogun Red Driver Shaft","true","GripModel(InstallPriceIncluded)","Golf Pride Tour Wrap 2G Black Oversize","10.49","false"
"SHOGUN RED DST","Accra Shogun Red Driver Shaft","true","GripModel(InstallPriceIncluded)","WINN Dri-Tac 2.0 Midsize","11.99","false"
"SHOGUN RED DST","Accra Shogun Red Driver Shaft","true","GripModel(InstallPriceIncluded)","WINN Dri-Tac 2.0 Oversize","13.99","false"
"SHOGUN RED DST","Accra Shogun Red Driver Shaft","true","TipAdapter","LH Cobra DS Adapt","0","false"
"SHOGUN RED DST","Accra Shogun Red Driver Shaft","true","TipAdapter","LH Cobra - Darkspeed/Aerojet/LTDx/Radspeed","0","false"
"SHOGUN RED DST","Accra Shogun Red Driver Shaft","true","TipAdapter","LH Callaway - Elyte/Ai Smoke/Paradym/Rogue ST/Mavrik","0","false"
"SHOGUN RED DST","Accra Shogun Red Driver Shaft","true","TipAdapter","LH PING - G440","0","false"
"SHOGUN RED DST","Accra Shogun Red Driver Shaft","true","TipAdapter","LH PING - G430/G425/G410","0","false"
"SHOGUN RED DST","Accra Shogun Red Driver Shaft","true","TipAdapter","LH Srixon - ZXi/ZX MKII/ZX/Z785","0","false"
"SHOGUN RED DST","Accra Shogun Red Driver Shaft","true","TipAdapter","LH Titleist - GT/TSR/TSi/TS","0","false"
"SHOGUN RED DST","Accra Shogun Red Driver Shaft","true","TipAdapter","LH Taylormade - Qi35/Qi10/Stealth2/Stealth/SIM2/SIM/M6","0","false"
"SHOGUN RED DST","Accra Shogun Red Driver Shaft","true","TipAdapter","RH Cobra - DarkSpeed/Aerojet/LTDx/Radspeed","0","false"
"SHOGUN RED DST","Accra Shogun Red Driver Shaft","true","TipAdapter","RH Cobra DS Adapt","0","false"
"SHOGUN RED DST","Accra Shogun Red Driver Shaft","true","TipAdapter","RH Callaway - Elyte/Ai Smoke/Paradym/Rogue ST/Mavrik","0","false"
"SHOGUN RED DST","Accra Shogun Red Driver Shaft","true","TipAdapter","RH PING - G440","0","false"
"SHOGUN RED DST","Accra Shogun Red Driver Shaft","true","TipAdapter","RH PING - G400/G/G30","0","false"
"SHOGUN RED DST","Accra Shogun Red Driver Shaft","true","TipAdapter","RH PING - G430/G425/G410","0","false"
"SHOGUN RED DST","Accra Shogun Red Driver Shaft","true","TipAdapter","RH Srixon - ZXi/ZX MKII/ZX/Z785","0","false"
"SHOGUN RED DST","Accra Shogun Red Driver Shaft","true","TipAdapter","RH Titleist - GT/TSR/TSi/TS","0","false"
"SHOGUN RED DST","Accra Shogun Red Driver Shaft","true","TipAdapter","RH Taylormade - Qi35/Qi10/Stealth2/Stealth/SIM2/SIM/M6","0","false"